Key,File,Type,UsedInMainMenu,NoTranslate,KeepLoaded,english
hsescalatorDrive,blocks,Block,,,,"Escalator Drive"
hsescalatorDriveDesc,blocks,Block,,,,"Place beside an end of the step deck, not on a step. Wire it to a generator or battery. Powered means the belt runs. Activate to reverse direction. Register it with the Escalator Setup Tool."
hsescalatorReverse,UI,Text,,,,"Reverse Escalator"
blockcommand_hsescalatorReverse,UI,Text,,,,"Reverse Escalator"
hsescalatorUnregistered,UI,Text,,,,"Not part of any escalator. Hold the Escalator Setup Tool, aim here, hold E, Register Drive."
hsescalatorNotReady,UI,Text,,,,"Escalator not ready: {0}"
hsescalatorStopped,UI,Text,,,,"Escalator stopped: {0}"
hsescalatorTool,items,Item,,,,"Escalator Setup Tool"
hsescalatorToolDesc,items,Item,,,,"Hold it, aim at a half-block step, hold E. New Escalator, Set End 1 and Set End 2 on opposite corners of the step deck, Register Drive. Sides you build stay put."
hsescalatorToolHint,UI,Text,,,,"Hold E: escalator setup"
hsescalatorRadialNew,UI,Text,,,,"New Escalator"
hsescalatorRadialUse,UI,Text,,,,"Use Escalator Here"
hsescalatorRadialEnd1,UI,Text,,,,"Set End 1"
hsescalatorRadialEnd2,UI,Text,,,,"Set End 2"
hsescalatorRadialDrive,UI,Text,,,,"Register Drive"
hsescalatorRadialJog,UI,Text,,,,"Jog belt"
hsescalatorRadialReverse,UI,Text,,,,"Reverse"
hsescalatorRadialForget,UI,Text,,,,"Forget / put back"
